"0","arg1_norm_CSS_tree = merge_phyloseq(arg1_norm_CSS, sample, random_tree)"
"2","Found more than one class ""phylo"" in cache; using the first, from namespace 'phyloseq'
"
"2","Also defined by ‘tidytree’
"
"2","Found more than one class ""phylo"" in cache; using the first, from namespace 'phyloseq'
"
"2","Also defined by ‘tidytree’
"
"2","Found more than one class ""phylo"" in cache; using the first, from namespace 'phyloseq'
"
"2","Also defined by ‘tidytree’
"
"2","Found more than one class ""phylo"" in cache; using the first, from namespace 'phyloseq'
"
"2","Also defined by ‘tidytree’
"
"2","Found more than one class ""phylo"" in cache; using the first, from namespace 'phyloseq'
"
"2","Also defined by ‘tidytree’
"
"2","Found more than one class ""phylo"" in cache; using the first, from namespace 'phyloseq'
"
"2","Also defined by ‘tidytree’
"
"2","Found more than one class ""phylo"" in cache; using the first, from namespace 'phyloseq'
"
"2","Also defined by ‘tidytree’
"
"0","tst<- UniFrac(arg1_norm_CSS_tree, TRUE)"
"0","tst"
"1","   "
"1","       1_1"
"1","       1_2"
"1","       1_3"
"1","       2_1"
"1","       2_2"
"1","       2_3"
"1","       3_1"
"1","       3_2"
"1","       3_3"
"1","       4_1"
"1","       4_2"
"1","       4_3"
"1","       5_1"
"1","       5_2"
"1","       5_3"
"1","       6_1"
"1","
1_2"
"1"," 0.1237219"
"1","          "
"1","          "
"1","          "
"1","          "
"1","          "
"1","          "
"1","          "
"1","          "
"1","          "
"1","          "
"1","          "
"1","          "
"1","          "
"1","          "
"1","          "
"1","
1_3"
"1"," 0.1309629"
"1"," 0.1130099"
"1","          "
"1","          "
"1","          "
"1","          "
"1","          "
"1","          "
"1","          "
"1","          "
"1","          "
"1","          "
"1","          "
"1","          "
"1","          "
"1","          "
"1","
2_1"
"1"," 0.3065879"
"1"," 0.3152900"
"1"," 0.3145261"
"1","          "
"1","          "
"1","          "
"1","          "
"1","          "
"1","          "
"1","          "
"1","          "
"1","          "
"1","          "
"1","          "
"1","          "
"1","          "
"1","
2_2"
"1"," 0.3019232"
"1"," 0.3062013"
"1"," 0.3142460"
"1"," 0.1293756"
"1","          "
"1","          "
"1","          "
"1","          "
"1","          "
"1","          "
"1","          "
"1","          "
"1","          "
"1","          "
"1","          "
"1","          "
"1","
2_3"
"1"," 0.3054552"
"1"," 0.3114009"
"1"," 0.3169040"
"1"," 0.1356070"
"1"," 0.1262071"
"1","          "
"1","          "
"1","          "
"1","          "
"1","          "
"1","          "
"1","          "
"1","          "
"1","          "
"1","          "
"1","          "
"1","
3_1"
"1"," 0.1468797"
"1"," 0.1104190"
"1"," 0.1232017"
"1"," 0.3221322"
"1"," 0.3160602"
"1"," 0.3154740"
"1","          "
"1","          "
"1","          "
"1","          "
"1","          "
"1","          "
"1","          "
"1","          "
"1","          "
"1","          "
"1","
3_2"
"1"," 0.1270990"
"1"," 0.1121697"
"1"," 0.1256363"
"1"," 0.3115336"
"1"," 0.3045663"
"1"," 0.3103953"
"1"," 0.1235125"
"1","          "
"1","          "
"1","          "
"1","          "
"1","          "
"1","          "
"1","          "
"1","          "
"1","          "
"1","
3_3"
"1"," 0.1272354"
"1"," 0.1177725"
"1"," 0.1232060"
"1"," 0.3034636"
"1"," 0.3008823"
"1"," 0.3060601"
"1"," 0.1352508"
"1"," 0.1179261"
"1","          "
"1","          "
"1","          "
"1","          "
"1","          "
"1","          "
"1","          "
"1","          "
"1","
4_1"
"1"," 0.2901731"
"1"," 0.2906329"
"1"," 0.2950789"
"1"," 0.1453360"
"1"," 0.1416200"
"1"," 0.1351346"
"1"," 0.2962915"
"1"," 0.2866799"
"1"," 0.2844708"
"1","          "
"1","          "
"1","          "
"1","          "
"1","          "
"1","          "
"1","          "
"1","
4_2"
"1"," 0.3161422"
"1"," 0.3250994"
"1"," 0.3230095"
"1"," 0.1389706"
"1"," 0.1537790"
"1"," 0.1633513"
"1"," 0.3302576"
"1"," 0.3175233"
"1"," 0.3095287"
"1"," 0.1757442"
"1","          "
"1","          "
"1","          "
"1","          "
"1","          "
"1","          "
"1","
4_3"
"1"," 0.3185579"
"1"," 0.3202416"
"1"," 0.3305744"
"1"," 0.1634819"
"1"," 0.1411176"
"1"," 0.1450096"
"1"," 0.3303464"
"1"," 0.3225852"
"1"," 0.3159108"
"1"," 0.1486620"
"1"," 0.1761350"
"1","          "
"1","          "
"1","          "
"1","          "
"1","          "
"1","
5_1"
"1"," 0.1204451"
"1"," 0.1232466"
"1"," 0.1354768"
"1"," 0.2975862"
"1"," 0.2917915"
"1"," 0.3041060"
"1"," 0.1510335"
"1"," 0.1293795"
"1"," 0.1297974"
"1"," 0.2899008"
"1"," 0.3095535"
"1"," 0.3204992"
"1","          "
"1","          "
"1","          "
"1","          "
"1","
5_2"
"1"," 0.1246480"
"1"," 0.1149565"
"1"," 0.1199975"
"1"," 0.2983324"
"1"," 0.2926389"
"1"," 0.3057685"
"1"," 0.1384911"
"1"," 0.1241817"
"1"," 0.1215570"
"1"," 0.2853753"
"1"," 0.3118305"
"1"," 0.3107907"
"1"," 0.1186830"
"1","          "
"1","          "
"1","          "
"1","
5_3"
"1"," 0.1307618"
"1"," 0.1190358"
"1"," 0.1320317"
"1"," 0.3083058"
"1"," 0.3068793"
"1"," 0.3162494"
"1"," 0.1476494"
"1"," 0.1219792"
"1"," 0.1280530"
"1"," 0.2993205"
"1"," 0.3187877"
"1"," 0.3317205"
"1"," 0.1135555"
"1"," 0.1320067"
"1","          "
"1","          "
"1","
6_1"
"1"," 0.2948465"
"1"," 0.3000088"
"1"," 0.3043272"
"1"," 0.1256756"
"1"," 0.1282019"
"1"," 0.1368825"
"1"," 0.3092417"
"1"," 0.2927373"
"1"," 0.2884355"
"1"," 0.1286642"
"1"," 0.1598596"
"1"," 0.1435030"
"1"," 0.2900579"
"1"," 0.2883406"
"1"," 0.2961529"
"1","          "
"1","
6_2"
"1"," 0.3022442"
"1"," 0.3003352"
"1"," 0.3086591"
"1"," 0.1336221"
"1"," 0.1437666"
"1"," 0.1418759"
"1"," 0.3119243"
"1"," 0.3034245"
"1"," 0.2951542"
"1"," 0.1519726"
"1"," 0.1468886"
"1"," 0.1518251"
"1"," 0.2975562"
"1"," 0.2975105"
"1"," 0.3040205"
"1"," 0.1315436"
"1","
6_3"
"1"," 0.3021664"
"1"," 0.3124512"
"1"," 0.3141622"
"1"," 0.1186508"
"1"," 0.1217212"
"1"," 0.1300386"
"1"," 0.3218893"
"1"," 0.3098117"
"1"," 0.3018738"
"1"," 0.1415587"
"1"," 0.1555596"
"1"," 0.1424279"
"1"," 0.2984013"
"1"," 0.2949989"
"1"," 0.3080242"
"1"," 0.1193616"
"1","
7_1"
"1"," 0.1272956"
"1"," 0.1165016"
"1"," 0.1359123"
"1"," 0.3104614"
"1"," 0.3044755"
"1"," 0.3148086"
"1"," 0.1320808"
"1"," 0.1201699"
"1"," 0.1132234"
"1"," 0.2925045"
"1"," 0.3255358"
"1"," 0.3224233"
"1"," 0.1306599"
"1"," 0.1227431"
"1"," 0.1295279"
"1"," 0.3043420"
"1","
7_2"
"1"," 0.1347951"
"1"," 0.1220602"
"1"," 0.1382880"
"1"," 0.3051692"
"1"," 0.2927069"
"1"," 0.3075205"
"1"," 0.1480795"
"1"," 0.1323447"
"1"," 0.1226456"
"1"," 0.2957416"
"1"," 0.3118988"
"1"," 0.3173849"
"1"," 0.1210512"
"1"," 0.1257326"
"1"," 0.1259170"
"1"," 0.2941587"
"1","
7_3"
"1"," 0.1407471"
"1"," 0.1328284"
"1"," 0.1430603"
"1"," 0.2925573"
"1"," 0.2824965"
"1"," 0.3039030"
"1"," 0.1548463"
"1"," 0.1475964"
"1"," 0.1293320"
"1"," 0.2888721"
"1"," 0.3045889"
"1"," 0.3094224"
"1"," 0.1205964"
"1"," 0.1201958"
"1"," 0.1375962"
"1"," 0.2825349"
"1","
8_1"
"1"," 0.2992574"
"1"," 0.3040101"
"1"," 0.3082202"
"1"," 0.1450877"
"1"," 0.1340343"
"1"," 0.1298704"
"1"," 0.3128961"
"1"," 0.2999483"
"1"," 0.2984546"
"1"," 0.1331733"
"1"," 0.1632553"
"1"," 0.1423865"
"1"," 0.3069095"
"1"," 0.2980542"
"1"," 0.3144994"
"1"," 0.1281325"
"1","
8_2"
"1"," 0.2937050"
"1"," 0.2996823"
"1"," 0.3067908"
"1"," 0.1197992"
"1"," 0.1164779"
"1"," 0.1278705"
"1"," 0.3096784"
"1"," 0.2942016"
"1"," 0.2919662"
"1"," 0.1285125"
"1"," 0.1435664"
"1"," 0.1446968"
"1"," 0.2865729"
"1"," 0.2821422"
"1"," 0.2979244"
"1"," 0.1162331"
"1","
8_3"
"1"," 0.2949855"
"1"," 0.3021893"
"1"," 0.3104236"
"1"," 0.1374417"
"1"," 0.1327460"
"1"," 0.1233296"
"1"," 0.3167237"
"1"," 0.3013006"
"1"," 0.2980197"
"1"," 0.1299213"
"1"," 0.1570178"
"1"," 0.1420473"
"1"," 0.2974181"
"1"," 0.2929628"
"1"," 0.3091223"
"1"," 0.1333224"
"1","
"
"1","   "
"1","       6_2"
"1","       6_3"
"1","       7_1"
"1","       7_2"
"1","       7_3"
"1","       8_1"
"1","       8_2"
"1","
1_2"
"1","          "
"1","          "
"1","          "
"1","          "
"1","          "
"1","          "
"1","          "
"1","
1_3"
"1","          "
"1","          "
"1","          "
"1","          "
"1","          "
"1","          "
"1","          "
"1","
2_1"
"1","          "
"1","          "
"1","          "
"1","          "
"1","          "
"1","          "
"1","          "
"1","
2_2"
"1","          "
"1","          "
"1","          "
"1","          "
"1","          "
"1","          "
"1","          "
"1","
2_3"
"1","          "
"1","          "
"1","          "
"1","          "
"1","          "
"1","          "
"1","          "
"1","
3_1"
"1","          "
"1","          "
"1","          "
"1","          "
"1","          "
"1","          "
"1","          "
"1","
3_2"
"1","          "
"1","          "
"1","          "
"1","          "
"1","          "
"1","          "
"1","          "
"1","
3_3"
"1","          "
"1","          "
"1","          "
"1","          "
"1","          "
"1","          "
"1","          "
"1","
4_1"
"1","          "
"1","          "
"1","          "
"1","          "
"1","          "
"1","          "
"1","          "
"1","
4_2"
"1","          "
"1","          "
"1","          "
"1","          "
"1","          "
"1","          "
"1","          "
"1","
4_3"
"1","          "
"1","          "
"1","          "
"1","          "
"1","          "
"1","          "
"1","          "
"1","
5_1"
"1","          "
"1","          "
"1","          "
"1","          "
"1","          "
"1","          "
"1","          "
"1","
5_2"
"1","          "
"1","          "
"1","          "
"1","          "
"1","          "
"1","          "
"1","          "
"1","
5_3"
"1","          "
"1","          "
"1","          "
"1","          "
"1","          "
"1","          "
"1","          "
"1","
6_1"
"1","          "
"1","          "
"1","          "
"1","          "
"1","          "
"1","          "
"1","          "
"1","
6_2"
"1","          "
"1","          "
"1","          "
"1","          "
"1","          "
"1","          "
"1","          "
"1","
6_3"
"1"," 0.1342896"
"1","          "
"1","          "
"1","          "
"1","          "
"1","          "
"1","          "
"1","
7_1"
"1"," 0.3102811"
"1"," 0.3081325"
"1","          "
"1","          "
"1","          "
"1","          "
"1","          "
"1","
7_2"
"1"," 0.2982717"
"1"," 0.2976435"
"1"," 0.1185566"
"1","          "
"1","          "
"1","          "
"1","          "
"1","
7_3"
"1"," 0.2941570"
"1"," 0.2879558"
"1"," 0.1338519"
"1"," 0.1124580"
"1","          "
"1","          "
"1","          "
"1","
8_1"
"1"," 0.1396116"
"1"," 0.1369346"
"1"," 0.3076638"
"1"," 0.3066591"
"1"," 0.3008590"
"1","          "
"1","          "
"1","
8_2"
"1"," 0.1291064"
"1"," 0.1062674"
"1"," 0.2954128"
"1"," 0.2879130"
"1"," 0.2791273"
"1"," 0.1350211"
"1","          "
"1","
8_3"
"1"," 0.1465812"
"1"," 0.1417061"
"1"," 0.3058684"
"1"," 0.3053101"
"1"," 0.2952238"
"1"," 0.1133862"
"1"," 0.1350425"
"1","
"
"0","ggtree(tst) + "
"0","  theme_tree2() + "
"0","geom_tiplab(size=0.05, angle=90) "
"1","[1m[33mError[39m in `fortify()`:[22m
[38;5;251m[33m![38;5;251m `data` must be a [34m<data.frame>[38;5;251m, or an object coercible by `fortify()`, or a valid [34m<data.frame>[38;5;251m-like object coercible by `as.data.frame()`.[39m
[1mCaused by error in `.prevalidate_data_frame_like_object()`:[22m
[38;5;251m[33m![38;5;251m `dim(data)` must return an [34m<integer>[38;5;251m of length 2.[39m
[90mRun `]8;;x-r-run:rlang::last_trace()rlang::last_trace()]8;;` to see where the error occurred.[39m
"
